"feature","F_statistic","p_value","eta_squared","kw_eta_squared","effect_size","in_entropy_comparison","rank"
"std",5285.1,0,0.6478,0.5284,"large",FALSE,1
"rms",5053.9,0,0.6375,0.5194,"large",FALSE,2
"peak_to_peak",4834.7,0,0.6272,0.5291,"large",FALSE,3
"mean_abs_diff",3686.3,0,0.5619,0.6701,"large",FALSE,4
"sample_entropy",2896.6,0,0.502,0.5387,"large",TRUE,5
"variance",2386.4,0,0.4537,0.5284,"large",TRUE,6
"permutation_entropy",2133.8,0,0.4261,0.4106,"large",TRUE,7
"theta_power",1647.6,0,0.3644,0.5093,"large",FALSE,8
"theta_rel_power",1482.3,0,0.3403,0.2638,"large",FALSE,9
"alpha_power",1471.6,0,0.3387,0.5838,"large",FALSE,10
"beta_rel_power",1142.3,0,0.2844,0.4616,"large",FALSE,11
"alpha_rel_power",1101.3,0,0.2771,0.266,"large",FALSE,12
"zero_crossing_rate",1026.2,0,0.2631,0.273,"large",FALSE,13
"gamma_power",997.6,0,0.2577,0.5121,"large",FALSE,14
"beta_power",867.7,0,0.2319,0.6741,"large",TRUE,15
"delta_rel_power",838.4,0,0.2259,0.238,"large",FALSE,16
"dominant_freq",701,0,0.1961,0.1964,"large",FALSE,17
"delta_power",633.8,0,0.1807,0.4001,"large",FALSE,18
"gamma_rel_power",436.2,0,0.1318,0.1719,"medium",FALSE,19
"spectral_entropy",338,1.52e-275,0.1053,0.1445,"medium",TRUE,20
"kurtosis",63.5,3.45e-53,0.0216,0.011,"small",FALSE,21
"skewness",23.3,3.12e-19,0.0081,0.0089,"small",FALSE,22
"mean",20.3,1.14e-16,0.007,0.0053,"small",FALSE,23
