"feature","class","mean","sd","median","skewness"
"variance","Seizure",115518.152,107135.729,76958.392,1.165
"variance","Tumor",7001.388,23385.233,2103.302,8.38
"variance","Healthy",2772.894,2722.408,2007.531,2.765
"variance","EyesClosed",3951.179,3056.236,2967.93,1.952
"variance","EyesOpen",1586.679,846.935,1454.161,1.472
"spectral_entropy","Seizure",3.297,0.607,3.362,-0.537
"spectral_entropy","Tumor",2.64,0.755,2.777,-0.676
"spectral_entropy","Healthy",2.618,0.757,2.718,-0.739
"spectral_entropy","EyesClosed",3.139,0.966,3.383,-0.836
"spectral_entropy","EyesOpen",3.194,1.054,3.514,-1.107
"sample_entropy","Seizure",0.461,0.171,0.463,0.719
"sample_entropy","Tumor",0.637,0.233,0.625,0.036
"sample_entropy","Healthy",0.705,0.218,0.674,0.656
"sample_entropy","EyesClosed",0.939,0.213,0.901,0.701
"sample_entropy","EyesOpen",1.049,0.212,1.023,0.721
"permutation_entropy","Seizure",0.567,0.067,0.568,-0.128
"permutation_entropy","Tumor",0.695,0.078,0.697,-0.141
"permutation_entropy","Healthy",0.73,0.075,0.734,-0.299
"permutation_entropy","EyesClosed",0.668,0.08,0.668,0.193
"permutation_entropy","EyesOpen",0.738,0.054,0.735,0.268
"beta_power","Seizure",467153623.432,749099070.988,159462418.183,2.76
"beta_power","Tumor",5123811.895,15861651.452,1534731.611,9.307
"beta_power","Healthy",2766795.291,4819926.788,1197620.928,5.835
"beta_power","EyesClosed",14409399.293,11449079.304,10814819.242,1.691
"beta_power","EyesOpen",5642140.741,3609983.029,4880649.009,1.602
