"feature","PC1","PC2"
"mean",0.081,-0.08
"variance",0.404,0.139
"skewness",-0.051,-0.008
"kurtosis",0.068,0.02
"zero_crossing_rate",0.092,-0.462
"delta_power",0.227,0.156
"delta_rel_power",-0.103,0.122
"theta_power",0.329,0.166
"theta_rel_power",0.198,0.094
"alpha_power",0.353,0.104
"alpha_rel_power",0.122,-0.225
"beta_power",0.34,0.014
"beta_rel_power",0.233,-0.36
"gamma_power",0.337,0.018
"gamma_rel_power",0.051,-0.39
"dominant_freq",0.239,-0.241
"spectral_entropy",0.183,-0.348
"sample_entropy",-0.156,-0.364
"permutation_entropy",-0.255,-0.172
