"feature","class","W","p_value","normal"
"variance","Seizure",0.8543,4.14e-21,FALSE
"variance","Tumor",0.2626,2.14e-40,FALSE
"variance","Healthy",0.8051,4.35e-24,FALSE
"variance","EyesClosed",0.7716,8.42e-26,FALSE
"variance","EyesOpen",0.9147,3.53e-16,FALSE
"spectral_entropy","Seizure",0.9739,8.94e-08,FALSE
"spectral_entropy","Tumor",0.9535,1.92e-11,FALSE
"spectral_entropy","Healthy",0.9716,2.88e-08,FALSE
"spectral_entropy","EyesClosed",0.9248,4.03e-15,FALSE
"spectral_entropy","EyesOpen",0.8967,7.35e-18,FALSE
"sample_entropy","Seizure",0.9708,1.94e-08,FALSE
"sample_entropy","Tumor",0.9947,0.0797,TRUE
"sample_entropy","Healthy",0.9706,1.79e-08,FALSE
"sample_entropy","EyesClosed",0.962,4.52e-10,FALSE
"sample_entropy","EyesOpen",0.9759,2.39e-07,FALSE
"permutation_entropy","Seizure",0.977,4.45e-07,FALSE
"permutation_entropy","Tumor",0.9903,0.00227,FALSE
"permutation_entropy","Healthy",0.9916,0.00623,FALSE
"permutation_entropy","EyesClosed",0.991,0.00384,FALSE
"permutation_entropy","EyesOpen",0.9907,0.003,FALSE
"beta_power","Seizure",0.6215,1.14e-31,FALSE
"beta_power","Tumor",0.1946,1.24e-41,FALSE
"beta_power","Healthy",0.5035,4.35e-35,FALSE
"beta_power","EyesClosed",0.8593,9.17e-21,FALSE
"beta_power","EyesOpen",0.9118,1.82e-16,FALSE
