"feature","comparison","diff","lwr","upr","p_adj","cohens_d"
"spectral_entropy","Tumor-Seizure",-0.6567,-0.7245,-0.5889,0,-0.779
"spectral_entropy","Healthy-Seizure",-0.6786,-0.7464,-0.6108,0,-0.805
"spectral_entropy","EyesClosed-Seizure",-0.1577,-0.2255,-0.0898,1.29e-09,-0.187
"spectral_entropy","EyesOpen-Seizure",-0.1026,-0.1705,-0.0348,0.000355,-0.122
"spectral_entropy","Healthy-Tumor",-0.0219,-0.0898,0.0459,0.904,-0.026
"spectral_entropy","EyesClosed-Tumor",0.499,0.4312,0.5669,0,0.592
"spectral_entropy","EyesOpen-Tumor",0.554,0.4862,0.6219,0,0.657
"spectral_entropy","EyesClosed-Healthy",0.5209,0.4531,0.5888,0,0.618
"spectral_entropy","EyesOpen-Healthy",0.576,0.5081,0.6438,0,0.683
"spectral_entropy","EyesOpen-EyesClosed",0.055,-0.0128,0.1229,0.175,0.065
"sample_entropy","Tumor-Seizure",0.1761,0.1591,0.193,0,0.836
"sample_entropy","Healthy-Seizure",0.2448,0.2278,0.2617,0,1.163
"sample_entropy","EyesClosed-Seizure",0.4785,0.4616,0.4954,0,2.273
"sample_entropy","EyesOpen-Seizure",0.5882,0.5712,0.6051,0,2.794
"sample_entropy","Healthy-Tumor",0.0687,0.0518,0.0856,0,0.326
"sample_entropy","EyesClosed-Tumor",0.3024,0.2855,0.3194,0,1.437
"sample_entropy","EyesOpen-Tumor",0.4121,0.3952,0.429,0,1.957
"sample_entropy","EyesClosed-Healthy",0.2337,0.2168,0.2507,0,1.11
"sample_entropy","EyesOpen-Healthy",0.3434,0.3265,0.3603,0,1.631
"sample_entropy","EyesOpen-EyesClosed",0.1097,0.0927,0.1266,0,0.521
